<?xml version="1.0" encoding="UTF-8"?>
<!DOCTYPE mapper PUBLIC "-//mybatis.org//DTD Mapper 3.0//EN" 
"http://mybatis.org/dtd/mybatis-3-mapper.dtd">
<mapper namespace="com.springboot.hayeonproj.mapper.PostMapper">
	<update id="updatePostCount" parameterType="Integer">
		update post
		set postCount = (select count(*) from postCount where c_id=#{c_id})
		where c_id=#{c_id}
	</update>
	<select id="getPostCount" resultType="Integer" parameterType="Integer">
		select count(*) from post
		where c_id = #{c_id}
	</select><!-- 카테고리별 게시글 갯수 -->
	<select id="getPostTotal" resultType="Integer">
		select count(*) from post
	</select><!-- 게시글 총 갯수 -->
	
	<select id="getCategoryById" resultType="com.springboot.hayeonproj.model.Category" parameterType="Integer">
	    select c_id, c_name from category where c_id = #{c_id}
	</select> <!-- 카테고리아이디로 해당 게시글의 카테고리 가져오기 -->
	
	<select id="getPostDetail" resultType="com.springboot.hayeonproj.model.Post" parameterType="Integer"> 
		select p.p_id, p.c_id, p.title, p.sub_title, p.info, p.w_date
		from post p
		left outer join category c on c.c_id = p.c_id
		where p.p_id = #{p_id}
	</select>
	<select id="getPostList" resultType="com.springboot.hayeonproj.model.Post">
	   	select p.p_id, p.c_id, p.title, p.sub_title, p.info, p.w_date, c.c_name
	    from post p
	    left outer join category c on p.c_id = c.c_id
	    order by c_id;
	</select>
	
	<select id="getPost" resultType="com.springboot.hayeonproj.model.Post" parameterType="Integer">
		select p.p_id, p.c_id, p.title, p.sub_title, p.info, p.w_date, c.c_name
		from post p
		left outer join category c on c.c_id = p.c_id
		where p.c_id = #{c_id}
	</select>
	<select id="getCategory" resultType="com.springboot.hayeonproj.model.Category">
		select * from category
	</select>
	<insert id="putPost" parameterType="com.springboot.hayeonproj.model.Post">
		insert into post values(p_id.nextval, #{c_id},#{title},#{sub_title},#{info},current_timestamp) 
	</insert>
</mapper>